timestamp,session,binance_success,binance_price,binance_data_timestamp,binance_request_timestamp,mexc_success,mexc_price,mexc_data_timestamp,mexc_request_timestamp,bitget_success,bitget_price,bitget_data_timestamp,bitget_request_timestamp,successful_platforms
2025-09-06T11:15:39.034890,Modified Strict Full Collection,TRUE,111120.26,1757128540,1757128539,TRUE,111121.08,1757128541,1757128539,TRUE,111128.43,1757128540,1757128539,3
2025-09-06T11:16:41.333636,Modified Strict Full Collection,TRUE,111145.37,1757128602,1757128601,TRUE,111146.16,1757128603,1757128601,TRUE,111148.9,1757128602,1757128601,3
2025-09-06T11:17:43.509803,Modified Strict Full Collection,TRUE,111145.37,1757128664,1757128664,TRUE,111146.05,1757128665,1757128664,TRUE,111150.31,1757128664,1757128664,3
2025-09-06T11:18:45.659863,Modified Strict Full Collection,TRUE,111171.15,1757128727,1757128726,TRUE,111171.79,1757128727,1757128726,TRUE,111183.59,1757128727,1757128726,3
2025-09-06T11:19:47.786684,Modified Strict Full Collection,TRUE,111138.66,1757128789,1757128788,TRUE,111139.31,1757128789,1757128788,TRUE,111156.27,1757128789,1757128788,3
2025-09-06T11:20:49.899251,Modified Strict Full Collection,TRUE,111129.99,1757128851,1757128850,TRUE,111139.26,1757128851,1757128850,TRUE,111143.45,1757128850,1757128850,3
2025-09-06T11:21:52.131856,Modified Strict Full Collection,TRUE,111136.12,1757128913,1757128912,TRUE,111136.75,1757128914,1757128912,TRUE,111150.77,1757128913,1757128912,3
2025-09-06T11:22:54.328561,Modified Strict Full Collection,TRUE,111200,1757128975,1757128974,TRUE,111202.4,1757128976,1757128974,TRUE,111207.04,1757128976,1757128974,3
2025-09-06T11:23:56.543311,Modified Strict Full Collection,TRUE,111201.89,1757129037,1757129037,TRUE,111192.42,1757129038,1757129037,TRUE,111204.52,1757129038,1757129037,3
2025-09-06T11:24:58.760520,Modified Strict Full Collection,TRUE,111201.9,1757129100,1757129099,TRUE,111202.31,1757129100,1757129099,TRUE,111207.06,1757129101,1757129099,3
2025-09-06T11:26:01.049799,Modified Strict Full Collection,TRUE,111249.99,1757129162,1757129161,TRUE,111251.24,1757129163,1757129161,TRUE,111254.87,1757129163,1757129161,3
2025-09-06T11:27:03.303986,Modified Strict Full Collection,TRUE,111281.97,1757129224,1757129223,TRUE,111265.3,1757129225,1757129223,TRUE,111284.39,1757129224,1757129223,3
2025-09-06T11:28:05.524840,Modified Strict Full Collection,TRUE,111278.85,1757129286,1757129286,TRUE,111298.34,1757129287,1757129286,TRUE,111299.62,1757129287,1757129286,3
2025-09-06T11:29:07.886208,Modified Strict Full Collection,TRUE,111307.69,1757129349,1757129348,TRUE,111308.47,1757129349,1757129348,TRUE,111315.04,1757129349,1757129348,3
2025-09-06T11:30:09.987852,Modified Strict Full Collection,TRUE,111250,1757129411,1757129410,TRUE,111250.79,1757129411,1757129410,TRUE,111258.78,1757129411,1757129410,3
2025-09-06T11:31:12.194326,Modified Strict Full Collection,TRUE,111088,1757129473,1757129472,TRUE,111160.48,1757129474,1757129472,TRUE,111087.78,1757129473,1757129472,3
2025-09-06T11:32:14.494119,Modified Strict Full Collection,TRUE,111029.45,1757129535,1757129534,TRUE,111053.38,1757129535,1757129534,TRUE,111036.65,1757129535,1757129535,3
2025-09-06T11:33:16.617361,Modified Strict Full Collection,TRUE,111020.82,1757129598,1757129597,TRUE,111020.85,1757129598,1757129597,TRUE,111028.99,1757129597,1757129597,3
2025-09-06T11:34:18.824365,Modified Strict Full Collection,TRUE,111067.4,1757129660,1757129659,TRUE,111012.28,1757129660,1757129659,TRUE,111071.76,1757129660,1757129659,3
2025-09-06T11:35:21.031374,Modified Strict Full Collection,TRUE,111066.01,1757129722,1757129721,TRUE,111078.92,1757129723,1757129721,TRUE,111079.78,1757129722,1757129721,3
2025-09-06T11:36:23.193695,Modified Strict Full Collection,TRUE,111090,1757129784,1757129783,TRUE,111105.74,1757129785,1757129783,TRUE,111101.69,1757129784,1757129783,3
2025-09-06T11:37:25.347219,Modified Strict Full Collection,TRUE,111069.36,1757129846,1757129845,TRUE,111074.36,1757129847,1757129845,TRUE,111078.25,1757129846,1757129845,3
2025-09-06T11:38:27.525740,Modified Strict Full Collection,TRUE,111063.63,1757129909,1757129908,TRUE,111062.65,1757129909,1757129908,TRUE,111075.05,1757129908,1757129908,3
2025-09-06T11:39:29.830795,Modified Strict Full Collection,TRUE,111063.63,1757129971,1757129970,TRUE,111062.61,1757129971,1757129970,TRUE,111075.04,1757129971,1757129970,3
2025-09-06T11:40:32.112365,Modified Strict Full Collection,TRUE,111063.63,1757130033,1757130032,TRUE,111062.51,1757130034,1757130032,TRUE,111075.06,1757130033,1757130032,3
2025-09-06T11:41:34.288466,Modified Strict Full Collection,TRUE,111063.64,1757130095,1757130094,TRUE,111062.51,1757130096,1757130094,TRUE,111070.2,1757130095,1757130094,3
2025-09-06T11:42:36.494446,Modified Strict Full Collection,TRUE,111047.11,1757130157,1757130156,TRUE,111062.51,1757130158,1757130156,TRUE,111058.53,1757130157,1757130157,3
2025-09-06T11:43:38.645833,Modified Strict Full Collection,TRUE,111061.99,1757130220,1757130219,TRUE,111045.99,1757130220,1757130219,TRUE,111067.22,1757130221,1757130219,3
2025-09-06T11:44:40.838228,Modified Strict Full Collection,TRUE,111073.59,1757130282,1757130281,TRUE,111072.47,1757130282,1757130281,TRUE,111072.98,1757130282,1757130281,3
2025-09-06T11:45:43.036704,Modified Strict Full Collection,TRUE,111073.6,1757130344,1757130343,TRUE,111072.46,1757130345,1757130343,TRUE,111080.36,1757130344,1757130343,3
2025-09-06T11:46:45.204510,Modified Strict Full Collection,TRUE,111073.6,1757130406,1757130405,TRUE,111072.46,1757130407,1757130405,TRUE,111080.37,1757130407,1757130405,3
2025-09-06T11:47:47.468913,Modified Strict Full Collection,TRUE,111056.84,1757130468,1757130467,TRUE,111060.85,1757130469,1757130467,TRUE,111065.91,1757130469,1757130467,3
2025-09-06T11:48:49.596386,Modified Strict Full Collection,TRUE,111050.66,1757130531,1757130530,TRUE,111053.5,1757130531,1757130530,TRUE,111065.9,1757130531,1757130530,3
2025-09-06T11:49:51.771649,Modified Strict Full Collection,TRUE,111050.66,1757130593,1757130592,TRUE,111049.51,1757130593,1757130592,TRUE,111065.91,1757130593,1757130592,3
2025-09-06T11:50:53.888574,Modified Strict Full Collection,TRUE,111050.66,1757130655,1757130654,TRUE,111049.5,1757130656,1757130654,TRUE,111065.91,1757130655,1757130654,3
2025-09-06T11:51:56.126209,Modified Strict Full Collection,TRUE,111032.61,1757130717,1757130716,TRUE,111049.51,1757130718,1757130716,TRUE,111044.01,1757130718,1757130716,3
2025-09-06T11:52:58.402095,Modified Strict Full Collection,TRUE,111028.9,1757130779,1757130778,TRUE,111027.86,1757130780,1757130778,TRUE,111044.01,1757130779,1757130778,3
2025-09-06T11:54:00.606499,Modified Strict Full Collection,TRUE,111028.91,1757130842,1757130841,TRUE,111027.86,1757130840,1757130841,TRUE,111044.01,1757130841,1757130841,3
2025-09-06T11:55:02.729098,Modified Strict Full Collection,TRUE,111032.62,1757130904,1757130903,TRUE,111031.54,1757130904,1757130903,TRUE,111044.01,1757130904,1757130903,3
2025-09-06T11:56:04.897488,Modified Strict Full Collection,TRUE,111032.61,1757130966,1757130965,TRUE,111031.52,1757130966,1757130965,TRUE,111044.01,1757130966,1757130965,3
2025-09-06T11:57:07.102405,Modified Strict Full Collection,TRUE,111056.67,1757131028,1757131027,TRUE,111044.77,1757131029,1757131027,TRUE,111062.49,1757131029,1757131027,3
2025-09-06T11:58:09.349750,Modified Strict Full Collection,TRUE,111062.99,1757131090,1757131089,TRUE,111061.9,1757131091,1757131089,TRUE,111069.82,1757131090,1757131089,3
2025-09-06T11:59:11.461767,Modified Strict Full Collection,TRUE,111082.22,1757131152,1757131151,TRUE,111061.32,1757131153,1757131151,TRUE,111088.27,1757131153,1757131151,3
2025-09-06T12:00:13.646254,Modified Strict Full Collection,TRUE,111082.23,1757131215,1757131214,TRUE,111080.48,1757131215,1757131214,TRUE,111082.16,1757131215,1757131214,3
2025-09-06T12:01:15.864708,Modified Strict Full Collection,TRUE,111034.48,1757131277,1757131276,TRUE,111080.47,1757131278,1757131276,TRUE,111041.01,1757131277,1757131276,3
2025-09-06T12:02:18.050053,Modified Strict Full Collection,TRUE,111034.48,1757131339,1757131338,TRUE,111032.15,1757131340,1757131338,TRUE,111041.01,1757131340,1757131338,3
2025-09-06T12:03:20.244520,Modified Strict Full Collection,TRUE,111021.01,1757131401,1757131400,TRUE,111032.18,1757131402,1757131400,TRUE,111031.96,1757131401,1757131400,3
2025-09-06T12:04:22.452793,Modified Strict Full Collection,TRUE,111033.88,1757131463,1757131462,TRUE,111031.28,1757131464,1757131462,TRUE,111036.66,1757131463,1757131462,3
2025-09-06T12:05:24.601138,Modified Strict Full Collection,TRUE,111049.22,1757131525,1757131525,TRUE,111046.29,1757131526,1757131525,TRUE,111049.57,1757131526,1757131525,3
2025-09-06T12:06:26.743666,Modified Strict Full Collection,TRUE,111007.07,1757131588,1757131587,TRUE,111028.08,1757131588,1757131587,TRUE,111022.23,1757131587,1757131587,3
2025-09-06T12:07:28.965486,Modified Strict Full Collection,TRUE,110985.6,1757131650,1757131649,TRUE,110982.97,1757131650,1757131649,TRUE,110995.41,1757131651,1757131649,3
2025-09-06T12:08:31.793959,Modified Strict Full Collection,TRUE,110977.12,1757131713,1757131712,TRUE,110974.5,1757131713,1757131712,TRUE,110986.84,1757131713,1757131712,3
2025-09-06T12:09:33.944780,Modified Strict Full Collection,TRUE,110904.01,1757131775,1757131774,TRUE,110942.8,1757131775,1757131774,TRUE,110920.59,1757131775,1757131774,3
2025-09-06T12:10:36.096987,Modified Strict Full Collection,TRUE,110859.93,1757131837,1757131836,TRUE,110872.43,1757131838,1757131836,TRUE,110881.49,1757131838,1757131836,3
2025-09-06T12:11:38.445877,Modified Strict Full Collection,TRUE,110881.29,1757131899,1757131898,TRUE,110881.75,1757131900,1757131898,TRUE,110894.17,1757131900,1757131898,3
2025-09-06T12:12:40.648753,Modified Strict Full Collection,TRUE,110859.15,1757131962,1757131961,TRUE,110865.67,1757131962,1757131961,TRUE,110881.3,1757131962,1757131961,3
2025-09-06T12:13:42.860017,Modified Strict Full Collection,TRUE,110859.15,1757132024,1757132023,TRUE,110860.82,1757132024,1757132023,TRUE,110875.17,1757132023,1757132023,3
2025-09-06T12:14:44.999544,Modified Strict Full Collection,TRUE,110887.74,1757132086,1757132085,TRUE,110889.41,1757132086,1757132085,TRUE,110897.28,1757132086,1757132085,3
2025-09-06T12:15:47.255557,Modified Strict Full Collection,TRUE,110879.17,1757132148,1757132147,TRUE,110880.84,1757132149,1757132147,TRUE,110891.07,1757132149,1757132147,3
2025-09-06T12:16:49.494905,Modified Strict Full Collection,TRUE,110863.33,1757132210,1757132209,TRUE,110865.01,1757132211,1757132209,TRUE,110873,1757132210,1757132210,3
2025-09-06T12:17:51.614973,Modified Strict Full Collection,TRUE,110859.24,1757132273,1757132272,TRUE,110860.62,1757132273,1757132272,TRUE,110867.94,1757132272,1757132272,3
2025-09-06T12:18:53.744391,Modified Strict Full Collection,TRUE,110857.38,1757132335,1757132334,TRUE,110858.75,1757132335,1757132334,TRUE,110862.1,1757132334,1757132334,3
2025-09-06T12:19:55.936582,Modified Strict Full Collection,TRUE,110848,1757132397,1757132396,TRUE,110849.37,1757132398,1757132396,TRUE,110862.09,1757132397,1757132396,3
2025-09-06T12:20:58.306093,Modified Strict Full Collection,TRUE,110847.99,1757132459,1757132458,TRUE,110849.37,1757132459,1757132458,TRUE,110862.1,1757132459,1757132458,3
2025-09-06T12:22:00.518223,Modified Strict Full Collection,TRUE,110811.27,1757132521,1757132521,TRUE,110790.91,1757132522,1757132521,TRUE,110812,1757132522,1757132521,3
2025-09-06T12:23:02.708388,Modified Strict Full Collection,TRUE,110816.44,1757132584,1757132583,TRUE,110817.35,1757132584,1757132583,TRUE,110824.92,1757132584,1757132583,3
2025-09-06T12:24:04.995480,Modified Strict Full Collection,TRUE,110811.22,1757132646,1757132645,TRUE,110812.08,1757132646,1757132645,TRUE,110822.03,1757132647,1757132645,3
2025-09-06T12:25:07.240792,Modified Strict Full Collection,TRUE,110783.71,1757132708,1757132707,TRUE,110785.59,1757132709,1757132707,TRUE,110793.85,1757132708,1757132707,3
2025-09-06T12:26:09.475438,Modified Strict Full Collection,TRUE,110811.99,1757132770,1757132769,TRUE,110800.88,1757132771,1757132769,TRUE,110824.67,1757132770,1757132769,3
2025-09-06T12:27:11.592585,Modified Strict Full Collection,TRUE,110817.99,1757132832,1757132832,TRUE,110819.58,1757132833,1757132832,TRUE,110828.43,1757132833,1757132832,3
2025-09-06T12:28:13.785939,Modified Strict Full Collection,TRUE,110817.99,1757132895,1757132894,TRUE,110819.47,1757132895,1757132894,TRUE,110828.44,1757132895,1757132894,3
2025-09-06T12:29:16.065811,Modified Strict Full Collection,TRUE,110818,1757132957,1757132956,TRUE,110819.49,1757132958,1757132956,TRUE,110828.43,1757132957,1757132956,3
2025-09-06T12:30:18.227156,Modified Strict Full Collection,TRUE,110818,1757133019,1757133018,TRUE,110819.51,1757133020,1757133018,TRUE,110828.43,1757133019,1757133018,3
2025-09-06T12:31:20.405573,Modified Strict Full Collection,TRUE,110817.99,1757133081,1757133080,TRUE,110819.51,1757133082,1757133080,TRUE,110828.44,1757133082,1757133080,3
2025-09-06T12:32:22.647607,Modified Strict Full Collection,TRUE,110804.46,1757133144,1757133143,TRUE,110806.02,1757133144,1757133143,TRUE,110819.56,1757133144,1757133143,3
2025-09-06T12:33:24.906022,Modified Strict Full Collection,TRUE,110789.54,1757133206,1757133205,TRUE,110800.55,1757133206,1757133205,TRUE,110800.01,1757133206,1757133205,3
2025-09-06T12:34:27.210290,Modified Strict Full Collection,TRUE,110789.54,1757133268,1757133267,TRUE,110791.1,1757133269,1757133267,TRUE,110800.01,1757133269,1757133267,3
2025-09-06T12:35:29.363506,Modified Strict Full Collection,TRUE,110820.01,1757133330,1757133329,TRUE,110791.1,1757133331,1757133329,TRUE,110826.69,1757133331,1757133329,3
2025-09-06T12:36:31.534735,Modified Strict Full Collection,TRUE,110783.71,1757133392,1757133392,TRUE,110791.46,1757133393,1757133392,TRUE,110793.9,1757133393,1757133392,3
2025-09-06T12:37:33.713191,Modified Strict Full Collection,TRUE,110789.92,1757133455,1757133454,TRUE,110789.52,1757133455,1757133454,TRUE,110796.6,1757133454,1757133454,3
2025-09-06T12:38:35.954212,Modified Strict Full Collection,TRUE,110825.82,1757133517,1757133516,TRUE,110813.25,1757133517,1757133516,TRUE,110833.1,1757133517,1757133516,3
2025-09-06T12:39:38.189334,Modified Strict Full Collection,TRUE,110825.81,1757133579,1757133578,TRUE,110827.08,1757133580,1757133578,TRUE,110833.1,1757133580,1757133578,3
2025-09-06T12:40:40.354338,Modified Strict Full Collection,TRUE,110848.91,1757133641,1757133640,TRUE,110827.09,1757133642,1757133640,TRUE,110857.35,1757133641,1757133640,3
2025-09-06T12:41:42.504272,Modified Strict Full Collection,TRUE,110869.51,1757133703,1757133703,TRUE,110870.09,1757133704,1757133703,TRUE,110877.24,1757133705,1757133703,3
2025-09-06T12:42:44.708423,Modified Strict Full Collection,TRUE,110861.42,1757133766,1757133765,TRUE,110870.09,1757133765,1757133765,TRUE,110860.95,1757133766,1757133765,3
2025-09-06T12:43:46.966810,Modified Strict Full Collection,TRUE,110861.42,1757133828,1757133827,TRUE,110862.01,1757133828,1757133827,TRUE,110871.36,1757133828,1757133827,3
2025-09-06T12:44:49.143245,Modified Strict Full Collection,TRUE,110852.01,1757133890,1757133889,TRUE,110862.01,1757133891,1757133889,TRUE,110857.35,1757133891,1757133889,3
2025-09-06T12:45:51.369578,Modified Strict Full Collection,TRUE,110852.01,1757133952,1757133951,TRUE,110852.3,1757133953,1757133951,TRUE,110857.36,1757133952,1757133951,3
2025-09-06T12:46:53.503148,Modified Strict Full Collection,TRUE,110852.01,1757134015,1757134014,TRUE,110852.3,1757134015,1757134014,TRUE,110857.36,1757134015,1757134014,3
2025-09-06T12:47:55.657671,Modified Strict Full Collection,TRUE,110852.01,1757134077,1757134076,TRUE,110852.28,1757134077,1757134076,TRUE,110857.35,1757134077,1757134076,3
2025-09-06T12:48:57.917017,Modified Strict Full Collection,TRUE,110852.01,1757134139,1757134138,TRUE,110852.28,1757134139,1757134138,TRUE,110857.35,1757134138,1757134138,3
2025-09-06T12:50:00.088206,Modified Strict Full Collection,TRUE,110881.98,1757134201,1757134200,TRUE,110881.93,1757134202,1757134200,TRUE,110888.66,1757134201,1757134200,3
2025-09-06T12:51:02.223816,Modified Strict Full Collection,TRUE,110887.76,1757134263,1757134262,TRUE,110887.73,1757134264,1757134262,TRUE,110895.04,1757134264,1757134262,3
2025-09-06T12:52:04.398218,Modified Strict Full Collection,TRUE,110887.76,1757134325,1757134324,TRUE,110887.75,1757134326,1757134324,TRUE,110895.03,1757134325,1757134324,3
2025-09-06T12:53:06.636197,Modified Strict Full Collection,TRUE,110889.99,1757134388,1757134387,TRUE,110889.98,1757134388,1757134387,TRUE,110895.03,1757134388,1757134387,3
2025-09-06T12:54:08.837128,Modified Strict Full Collection,TRUE,110912.27,1757134450,1757134449,TRUE,110889.85,1757134450,1757134449,TRUE,110918.17,1757134449,1757134449,3
2025-09-06T12:55:10.977249,Modified Strict Full Collection,TRUE,110954,1757134512,1757134511,TRUE,110915.74,1757134512,1757134511,TRUE,110966,1757134512,1757134511,3
2025-09-06T12:56:13.051991,Modified Strict Full Collection,TRUE,110934.27,1757134574,1757134573,TRUE,110953.73,1757134575,1757134573,TRUE,110950.43,1757134574,1757134573,3
2025-09-06T12:57:15.265787,Modified Strict Full Collection,TRUE,110934.27,1757134636,1757134635,TRUE,110933.96,1757134637,1757134635,TRUE,110945.01,1757134636,1757134635,3
2025-09-06T12:58:17.482839,Modified Strict Full Collection,TRUE,110876.13,1757134698,1757134697,TRUE,110895.7,1757134699,1757134697,TRUE,110881.25,1757134699,1757134697,3
2025-09-06T12:59:19.772349,Modified Strict Full Collection,TRUE,110876.12,1757134761,1757134760,TRUE,110875.83,1757134761,1757134760,TRUE,110881.24,1757134761,1757134760,3
2025-09-06T13:00:21.984853,Modified Strict Full Collection,TRUE,110862.36,1757134823,1757134822,TRUE,110862.07,1757134823,1757134822,TRUE,110868.2,1757134823,1757134822,3
2025-09-06T13:01:24.163907,Modified Strict Full Collection,TRUE,110847,1757134885,1757134884,TRUE,110846.89,1757134886,1757134884,TRUE,110850.91,1757134885,1757134884,3
2025-09-06T13:02:26.490462,Modified Strict Full Collection,TRUE,110822.01,1757134947,1757134946,TRUE,110844.77,1757134948,1757134946,TRUE,110816.58,1757134948,1757134946,3
2025-09-06T13:03:28.708650,Modified Strict Full Collection,TRUE,110774,1757135010,1757135009,TRUE,110774.55,1757135010,1757135009,TRUE,110781.56,1757135010,1757135009,3
2025-09-06T13:04:30.932007,Modified Strict Full Collection,TRUE,110794.15,1757135072,1757135071,TRUE,110785.63,1757135070,1757135071,TRUE,110789.56,1757135072,1757135071,3
2025-09-06T13:05:33.112769,Modified Strict Full Collection,TRUE,110807.31,1757135134,1757135133,TRUE,110807.21,1757135135,1757135133,TRUE,110810.7,1757135135,1757135133,3
2025-09-06T13:06:35.242615,Modified Strict Full Collection,TRUE,110825.1,1757135196,1757135195,TRUE,110825,1757135197,1757135195,TRUE,110821.56,1757135196,1757135195,3
2025-09-06T13:07:37.377773,Modified Strict Full Collection,TRUE,110844.72,1757135258,1757135257,TRUE,110812.63,1757135259,1757135257,TRUE,110833.45,1757135258,1757135257,3
2025-09-06T13:08:39.588592,Modified Strict Full Collection,TRUE,110866.72,1757135321,1757135320,TRUE,110845.22,1757135321,1757135320,TRUE,110863.7,1757135321,1757135320,3
2025-09-06T13:09:41.792129,Modified Strict Full Collection,TRUE,110842.94,1757135383,1757135382,TRUE,110874.57,1757135383,1757135382,TRUE,110852,1757135382,1757135382,3
2025-09-06T13:10:44.034018,Modified Strict Full Collection,TRUE,110808.01,1757135445,1757135444,TRUE,110806.85,1757135446,1757135444,TRUE,110816.01,1757135445,1757135444,3
2025-09-06T13:11:46.245524,Modified Strict Full Collection,TRUE,110834.9,1757135507,1757135506,TRUE,110833.39,1757135508,1757135506,TRUE,110835.62,1757135508,1757135506,3
2025-09-06T13:12:48.503318,Modified Strict Full Collection,TRUE,110842.96,1757135569,1757135569,TRUE,110841.44,1757135570,1757135569,TRUE,110848.78,1757135569,1757135569,3
2025-09-06T13:13:50.744091,Modified Strict Full Collection,TRUE,110848,1757135632,1757135631,TRUE,110841.42,1757135632,1757135631,TRUE,110848.78,1757135631,1757135631,3
2025-09-06T13:14:52.883827,Modified Strict Full Collection,TRUE,110859,1757135694,1757135693,TRUE,110846.44,1757135694,1757135693,TRUE,110867.11,1757135694,1757135693,3
2025-09-06T13:15:55.105211,Modified Strict Full Collection,TRUE,110834.97,1757135756,1757135755,TRUE,110822.04,1757135757,1757135755,TRUE,110843.01,1757135756,1757135755,3
2025-09-06T13:16:57.329805,Modified Strict Full Collection,TRUE,110820.34,1757135818,1757135817,TRUE,110818.74,1757135819,1757135817,TRUE,110825.01,1757135819,1757135817,3
2025-09-06T13:17:59.484391,Modified Strict Full Collection,TRUE,110820.13,1757135880,1757135879,TRUE,110818.48,1757135881,1757135879,TRUE,110825.01,1757135881,1757135879,3
2025-09-06T13:19:01.668508,Modified Strict Full Collection,TRUE,110829.99,1757135943,1757135942,TRUE,110818.48,1757135943,1757135942,TRUE,110840.33,1757135943,1757135942,3
2025-09-06T13:20:03.847331,Modified Strict Full Collection,TRUE,110805.32,1757136005,1757136004,TRUE,110803.71,1757136005,1757136004,TRUE,110810.72,1757136005,1757136004,3
2025-09-06T13:21:06.071334,Modified Strict Full Collection,TRUE,110805.33,1757136067,1757136066,TRUE,110803.72,1757136068,1757136066,TRUE,110810.72,1757136067,1757136066,3
2025-09-06T13:22:08.258808,Modified Strict Full Collection,TRUE,110796.34,1757136129,1757136128,TRUE,110803.71,1757136130,1757136128,TRUE,110799,1757136130,1757136128,3
2025-09-06T13:23:10.425143,Modified Strict Full Collection,TRUE,110776.94,1757136191,1757136190,TRUE,110786.29,1757136192,1757136190,TRUE,110786.18,1757136192,1757136190,3
2025-09-06T13:24:12.591494,Modified Strict Full Collection,TRUE,110733.11,1757136254,1757136253,TRUE,110731.59,1757136254,1757136253,TRUE,110731.01,1757136253,1757136253,3
2025-09-06T13:25:14.706904,Modified Strict Full Collection,TRUE,110705.51,1757136316,1757136315,TRUE,110711.71,1757136316,1757136315,TRUE,110710.15,1757136316,1757136315,3
2025-09-06T13:26:16.922241,Modified Strict Full Collection,TRUE,110764.35,1757136378,1757136377,TRUE,110752.6,1757136378,1757136377,TRUE,110769.96,1757136378,1757136377,3
2025-09-06T13:27:19.127582,Modified Strict Full Collection,TRUE,110721.05,1757136440,1757136439,TRUE,110719.25,1757136441,1757136439,TRUE,110728.45,1757136440,1757136439,3
2025-09-06T13:28:21.404710,Modified Strict Full Collection,TRUE,110751.07,1757136502,1757136501,TRUE,110735.71,1757136503,1757136501,TRUE,110757.38,1757136502,1757136501,3
2025-09-06T13:29:23.620573,Modified Strict Full Collection,TRUE,110739.99,1757136564,1757136564,TRUE,110744.02,1757136565,1757136564,TRUE,110758.27,1757136565,1757136564,3
2025-09-06T13:30:25.757772,Modified Strict Full Collection,TRUE,110740,1757136627,1757136626,TRUE,110738.44,1757136627,1757136626,TRUE,110758.27,1757136627,1757136626,3
2025-09-06T13:31:28.110282,Modified Strict Full Collection,TRUE,110733.11,1757136689,1757136688,TRUE,110738.42,1757136690,1757136688,TRUE,110735.62,1757136689,1757136688,3
2025-09-06T13:32:30.311876,Modified Strict Full Collection,TRUE,110752.22,1757136751,1757136750,TRUE,110763.14,1757136752,1757136750,TRUE,110766.14,1757136751,1757136750,3
2025-09-06T13:33:32.497412,Modified Strict Full Collection,TRUE,110766,1757136813,1757136813,TRUE,110764.73,1757136814,1757136813,TRUE,110780.16,1757136814,1757136813,3
2025-09-06T13:34:34.759777,Modified Strict Full Collection,TRUE,110790.56,1757136876,1757136875,TRUE,110789.33,1757136876,1757136875,TRUE,110803.28,1757136876,1757136875,3
2025-09-06T13:35:36.952688,Modified Strict Full Collection,TRUE,110808.58,1757136938,1757136937,TRUE,110807.33,1757136938,1757136937,TRUE,110822.27,1757136937,1757136937,3
2025-09-06T13:36:39.101791,Modified Strict Full Collection,TRUE,110817.11,1757137000,1757136999,TRUE,110815.92,1757137001,1757136999,TRUE,110831.15,1757137000,1757136999,3
2025-09-06T13:37:41.352822,Modified Strict Full Collection,TRUE,110817.1,1757137062,1757137061,TRUE,110815.85,1757137063,1757137061,TRUE,110831.96,1757137062,1757137061,3
2025-09-06T13:38:43.538996,Modified Strict Full Collection,TRUE,110817.1,1757137124,1757137124,TRUE,110815.84,1757137125,1757137124,TRUE,110834.01,1757137125,1757137124,3
2025-09-06T13:39:45.817203,Modified Strict Full Collection,TRUE,110815.83,1757137187,1757137186,TRUE,110814.62,1757137187,1757137186,TRUE,110825,1757137186,1757137186,3
2025-09-06T13:40:48.068043,Modified Strict Full Collection,TRUE,110790.57,1757137249,1757137248,TRUE,110788.82,1757137249,1757137248,TRUE,110801,1757137249,1757137248,3
2025-09-06T13:41:50.192255,Modified Strict Full Collection,TRUE,110790.56,1757137311,1757137310,TRUE,110788.8,1757137312,1757137310,TRUE,110801.01,1757137312,1757137310,3
2025-09-06T13:42:52.370036,Modified Strict Full Collection,TRUE,110775.01,1757137373,1757137372,TRUE,110772.42,1757137374,1757137372,TRUE,110786.79,1757137374,1757137372,3
2025-09-06T13:43:54.542749,Modified Strict Full Collection,TRUE,110766.01,1757137435,1757137435,TRUE,110763.25,1757137436,1757137435,TRUE,110782.48,1757137436,1757137435,3
2025-09-06T13:44:56.723867,Modified Strict Full Collection,TRUE,110766,1757137498,1757137497,TRUE,110763.29,1757137498,1757137497,TRUE,110780.74,1757137498,1757137497,3
2025-09-06T13:45:58.894140,Modified Strict Full Collection,TRUE,110730.06,1757137560,1757137559,TRUE,110731.03,1757137560,1757137559,TRUE,110737.67,1757137560,1757137559,3
2025-09-06T13:47:01.113459,Modified Strict Full Collection,TRUE,110700.02,1757137622,1757137621,TRUE,110704.05,1757137623,1757137621,TRUE,110714.52,1757137622,1757137621,3
2025-09-06T13:48:03.298860,Modified Strict Full Collection,TRUE,110716.79,1757137684,1757137683,TRUE,110713.57,1757137685,1757137683,TRUE,110731.28,1757137684,1757137683,3
2025-09-06T13:49:05.465099,Modified Strict Full Collection,TRUE,110710,1757137746,1757137745,TRUE,110695.79,1757137747,1757137745,TRUE,110725.8,1757137747,1757137745,3
2025-09-06T13:50:07.710424,Modified Strict Full Collection,TRUE,110717.99,1757137809,1757137808,TRUE,110711.9,1757137809,1757137808,TRUE,110721.43,1757137808,1757137808,3
2025-09-06T13:51:09.838760,Modified Strict Full Collection,TRUE,110717.99,1757137871,1757137870,TRUE,110712.13,1757137871,1757137870,TRUE,110721.42,1757137870,1757137870,3
2025-09-06T13:52:12.103993,Modified Strict Full Collection,TRUE,110717.99,1757137933,1757137932,TRUE,110712.14,1757137934,1757137932,TRUE,110721.42,1757137933,1757137932,3
2025-09-06T13:53:14.478875,Modified Strict Full Collection,TRUE,110717.98,1757137995,1757137994,TRUE,110712.11,1757137996,1757137994,TRUE,110721.43,1757137996,1757137994,3
2025-09-06T13:54:16.644443,Modified Strict Full Collection,TRUE,110735.47,1757138058,1757138057,TRUE,110729.6,1757138058,1757138057,TRUE,110745.12,1757138058,1757138057,3
2025-09-06T13:55:19.242835,Modified Strict Full Collection,TRUE,110735.46,1757138121,1757138119,TRUE,110729.69,1757138121,1757138119,TRUE,110751.87,1757138121,1757138119,3
2025-09-06T13:56:22.274108,Modified Strict Full Collection,TRUE,110735.46,1757138183,1757138182,TRUE,110729.74,1757138184,1757138182,TRUE,110755.53,1757138183,1757138182,3
2025-09-06T13:57:24.474069,Modified Strict Full Collection,TRUE,110735.47,1757138245,1757138244,TRUE,110729.78,1757138246,1757138244,TRUE,110755.53,1757138246,1757138244,3
2025-09-06T13:58:26.834787,Modified Strict Full Collection,TRUE,110714,1757138308,1757138307,TRUE,110716.68,1757138308,1757138307,TRUE,110725.02,1757138308,1757138307,3
2025-09-06T13:59:29.001410,Modified Strict Full Collection,TRUE,110714,1757138370,1757138369,TRUE,110709.14,1757138370,1757138369,TRUE,110725.01,1757138370,1757138369,3
2025-09-06T14:00:31.222966,Modified Strict Full Collection,TRUE,110726,1757138432,1757138431,TRUE,110721.13,1757138433,1757138431,TRUE,110732.95,1757138432,1757138431,3
2025-09-06T14:01:33.324098,Modified Strict Full Collection,TRUE,110725.99,1757138494,1757138493,TRUE,110721.13,1757138495,1757138493,TRUE,110732.95,1757138495,1757138493,3
2025-09-06T14:02:35.478561,Modified Strict Full Collection,TRUE,110716,1757138556,1757138555,TRUE,110710.9,1757138557,1757138555,TRUE,110724.71,1757138557,1757138555,3
2025-09-06T14:03:37.648321,Modified Strict Full Collection,TRUE,110716,1757138619,1757138618,TRUE,110710.9,1757138619,1757138618,TRUE,110732.99,1757138619,1757138618,3
2025-09-06T14:04:40.092946,Modified Strict Full Collection,TRUE,110731.99,1757138681,1757138680,TRUE,110720.79,1757138682,1757138680,TRUE,110746.93,1757138681,1757138680,3
2025-09-06T14:05:42.285387,Modified Strict Full Collection,TRUE,110732,1757138743,1757138742,TRUE,110727.12,1757138744,1757138742,TRUE,110746.93,1757138743,1757138742,3
2025-09-06T14:06:44.494701,Modified Strict Full Collection,TRUE,110716.01,1757138805,1757138804,TRUE,110711.12,1757138805,1757138804,TRUE,110729.41,1757138806,1757138805,3
2025-09-06T14:07:46.747120,Modified Strict Full Collection,TRUE,110716,1757138868,1757138867,TRUE,110711.1,1757138868,1757138867,TRUE,110735.78,1757138867,1757138867,3
2025-09-06T14:08:48.909543,Modified Strict Full Collection,TRUE,110716.01,1757138930,1757138929,TRUE,110711.1,1757138930,1757138929,TRUE,110735.78,1757138930,1757138929,3
2025-09-06T14:09:51.074612,Modified Strict Full Collection,TRUE,110716,1757138992,1757138991,TRUE,110711.11,1757138992,1757138991,TRUE,110735.77,1757138992,1757138991,3
2025-09-06T14:10:53.278031,Modified Strict Full Collection,TRUE,110716.01,1757139054,1757139053,TRUE,110711.11,1757139055,1757139053,TRUE,110735.77,1757139055,1757139053,3
2025-09-06T14:11:55.565100,Modified Strict Full Collection,TRUE,110716.01,1757139116,1757139116,TRUE,110711.42,1757139117,1757139116,TRUE,110735.78,1757139117,1757139116,3
2025-09-06T14:12:57.799252,Modified Strict Full Collection,TRUE,110716.01,1757139179,1757139178,TRUE,110711.42,1757139179,1757139178,TRUE,110732.84,1757139180,1757139178,3
2025-09-06T14:13:59.972920,Modified Strict Full Collection,TRUE,110716,1757139241,1757139240,TRUE,110711.41,1757139241,1757139240,TRUE,110732.83,1757139241,1757139240,3
2025-09-06T14:15:02.163102,Modified Strict Full Collection,TRUE,110716.01,1757139303,1757139302,TRUE,110710.93,1757139304,1757139302,TRUE,110732.84,1757139304,1757139302,3
2025-09-06T14:16:04.321488,Modified Strict Full Collection,TRUE,110716,1757139365,1757139364,TRUE,110710.93,1757139366,1757139364,TRUE,110728,1757139366,1757139364,3
2025-09-06T14:17:06.466898,Modified Strict Full Collection,TRUE,110716.01,1757139427,1757139426,TRUE,110710.92,1757139428,1757139426,TRUE,110728,1757139427,1757139426,3
2025-09-06T14:18:08.644859,Modified Strict Full Collection,TRUE,110716,1757139489,1757139489,TRUE,110711.21,1757139490,1757139489,TRUE,110728.01,1757139489,1757139489,3
2025-09-06T14:19:10.871259,Modified Strict Full Collection,TRUE,110716.01,1757139552,1757139551,TRUE,110711.26,1757139552,1757139551,TRUE,110731.79,1757139552,1757139551,3
2025-09-06T14:20:13.049849,Modified Strict Full Collection,TRUE,110716.01,1757139614,1757139613,TRUE,110711.26,1757139614,1757139613,TRUE,110728,1757139614,1757139613,3
2025-09-06T14:21:15.327634,Modified Strict Full Collection,TRUE,110716,1757139676,1757139675,TRUE,110711.26,1757139675,1757139675,TRUE,110728,1757139676,1757139675,3
2025-09-06T14:22:17.525507,Modified Strict Full Collection,TRUE,110716.01,1757139738,1757139738,TRUE,110711.48,1757139739,1757139738,TRUE,110728.01,1757139738,1757139738,3
2025-09-06T14:23:19.826919,Modified Strict Full Collection,TRUE,110716.01,1757139801,1757139800,TRUE,110711.48,1757139801,1757139800,TRUE,110728.01,1757139800,1757139800,3
2025-09-06T14:24:22.034813,Modified Strict Full Collection,TRUE,110716,1757139863,1757139862,TRUE,110711.49,1757139863,1757139862,TRUE,110728.01,1757139863,1757139862,3
2025-09-06T14:25:24.342956,Modified Strict Full Collection,TRUE,110716,1757139925,1757139924,TRUE,110711.61,1757139926,1757139924,TRUE,110728,1757139925,1757139924,3
2025-09-06T14:26:26.575094,Modified Strict Full Collection,TRUE,110716.01,1757139987,1757139987,TRUE,110711.6,1757139988,1757139987,TRUE,110735.78,1757139988,1757139987,3
2025-09-06T14:27:28.920958,Modified Strict Full Collection,TRUE,110770.52,1757140050,1757140049,TRUE,110765.99,1757140050,1757140049,TRUE,110781.66,1757140050,1757140049,3
2025-09-06T14:28:31.189880,Modified Strict Full Collection,TRUE,110787.12,1757140112,1757140111,TRUE,110782.63,1757140113,1757140111,TRUE,110795.75,1757140112,1757140111,3
2025-09-06T14:29:33.436050,Modified Strict Full Collection,TRUE,110787.12,1757140174,1757140173,TRUE,110782.92,1757140175,1757140173,TRUE,110795.76,1757140174,1757140173,3
2025-09-06T14:30:35.588328,Modified Strict Full Collection,TRUE,110787.12,1757140236,1757140236,TRUE,110782.84,1757140237,1757140236,TRUE,110795.76,1757140237,1757140236,3
2025-09-06T14:31:37.919877,Modified Strict Full Collection,TRUE,110817.11,1757140299,1757140298,TRUE,110782.83,1757140299,1757140298,TRUE,110824.26,1757140299,1757140298,3
2025-09-06T14:32:40.112697,Modified Strict Full Collection,TRUE,110786.08,1757140361,1757140360,TRUE,110781.82,1757140361,1757140360,TRUE,110790.73,1757140360,1757140360,3
2025-09-06T14:33:42.271660,Modified Strict Full Collection,TRUE,110773.46,1757140423,1757140422,TRUE,110769.19,1757140424,1757140422,TRUE,110784.02,1757140423,1757140422,3
2025-09-06T14:34:44.537582,Modified Strict Full Collection,TRUE,110773.46,1757140485,1757140485,TRUE,110769,1757140485,1757140485,TRUE,110784.03,1757140485,1757140485,3
2025-09-06T14:35:46.804308,Modified Strict Full Collection,TRUE,110803.74,1757140548,1757140547,TRUE,110769.03,1757140548,1757140547,TRUE,110802.46,1757140547,1757140547,3
2025-09-06T14:36:49.129015,Modified Strict Full Collection,TRUE,110808,1757140610,1757140609,TRUE,110803.89,1757140611,1757140609,TRUE,110822.03,1757140610,1757140609,3
2025-09-06T14:37:51.313883,Modified Strict Full Collection,TRUE,110807.99,1757140672,1757140671,TRUE,110803.9,1757140673,1757140671,TRUE,110822.03,1757140673,1757140671,3
2025-09-06T14:38:53.535197,Modified Strict Full Collection,TRUE,110808,1757140734,1757140734,TRUE,110803.56,1757140735,1757140734,TRUE,110822.03,1757140735,1757140734,3
2025-09-06T14:39:55.719876,Modified Strict Full Collection,TRUE,110808,1757140796,1757140796,TRUE,110803.56,1757140797,1757140796,TRUE,110822.03,1757140797,1757140796,3
2025-09-06T14:40:57.894570,Modified Strict Full Collection,TRUE,110807.99,1757140859,1757140858,TRUE,110803.56,1757140859,1757140858,TRUE,110822.02,1757140859,1757140858,3
2025-09-06T14:42:00.154347,Modified Strict Full Collection,TRUE,110808,1757140921,1757140920,TRUE,110803.56,1757140920,1757140920,TRUE,110818.06,1757140921,1757140920,3
2025-09-06T14:43:02.307340,Modified Strict Full Collection,TRUE,110770.5,1757140983,1757140982,TRUE,110771.89,1757140984,1757140982,TRUE,110785,1757140984,1757140982,3
2025-09-06T14:44:04.528654,Modified Strict Full Collection,TRUE,110761.99,1757141045,1757141045,TRUE,110757.27,1757141046,1757141045,TRUE,110772.43,1757141045,1757141045,3
2025-09-06T14:45:06.770384,Modified Strict Full Collection,TRUE,110761.99,1757141108,1757141107,TRUE,110757.26,1757141108,1757141107,TRUE,110772.44,1757141108,1757141107,3
2025-09-06T14:46:08.929623,Modified Strict Full Collection,TRUE,110761.99,1757141170,1757141169,TRUE,110757.26,1757141170,1757141169,TRUE,110772.44,1757141169,1757141169,3
2025-09-06T14:47:11.082590,Modified Strict Full Collection,TRUE,110768.93,1757141232,1757141231,TRUE,110763.75,1757141232,1757141231,TRUE,110782.31,1757141232,1757141231,3
2025-09-06T14:48:13.403874,Modified Strict Full Collection,TRUE,110795.3,1757141294,1757141293,TRUE,110763.59,1757141295,1757141293,TRUE,110817.21,1757141294,1757141293,3
2025-09-06T14:49:15.672512,Modified Strict Full Collection,TRUE,110795.31,1757141357,1757141356,TRUE,110790.08,1757141357,1757141356,TRUE,110809.4,1757141357,1757141356,3
2025-09-06T14:50:18.031764,Modified Strict Full Collection,TRUE,110784.91,1757141419,1757141418,TRUE,110790.08,1757141419,1757141418,TRUE,110797.08,1757141419,1757141418,3
2025-09-06T14:51:20.274177,Modified Strict Full Collection,TRUE,110784.9,1757141481,1757141480,TRUE,110779.38,1757141482,1757141480,TRUE,110797.07,1757141481,1757141480,3
2025-09-06T14:52:22.437312,Modified Strict Full Collection,TRUE,110782,1757141543,1757141542,TRUE,110779.54,1757141544,1757141542,TRUE,110794.01,1757141543,1757141542,3
2025-09-06T14:53:24.629515,Modified Strict Full Collection,TRUE,110782.01,1757141605,1757141605,TRUE,110776.64,1757141606,1757141605,TRUE,110794,1757141606,1757141605,3
2025-09-06T14:54:26.933412,Modified Strict Full Collection,TRUE,110780.4,1757141668,1757141667,TRUE,110775.02,1757141668,1757141667,TRUE,110794.01,1757141668,1757141667,3
2025-09-06T14:55:29.050753,Modified Strict Full Collection,TRUE,110768.92,1757141730,1757141729,TRUE,110769.18,1757141730,1757141729,TRUE,110776.57,1757141730,1757141729,3
2025-09-06T14:56:31.258578,Modified Strict Full Collection,TRUE,110765.18,1757141792,1757141791,TRUE,110759.81,1757141793,1757141791,TRUE,110776.57,1757141792,1757141791,3
2025-09-06T14:57:33.509904,Modified Strict Full Collection,TRUE,110765.18,1757141854,1757141854,TRUE,110759.86,1757141855,1757141854,TRUE,110784.74,1757141854,1757141854,3
2025-09-06T14:58:35.887249,Modified Strict Full Collection,TRUE,110776,1757141917,1757141916,TRUE,110771.89,1757141917,1757141916,TRUE,110784.74,1757141916,1757141916,3
2025-09-06T14:59:38.137192,Modified Strict Full Collection,TRUE,110752.83,1757141979,1757141978,TRUE,110771.89,1757141980,1757141978,TRUE,110772.44,1757141979,1757141978,3
2025-09-06T15:00:40.283777,Modified Strict Full Collection,TRUE,110752.39,1757142041,1757142040,TRUE,110748.39,1757142042,1757142040,TRUE,110772.45,1757142042,1757142040,3
2025-09-06T15:01:42.439762,Modified Strict Full Collection,TRUE,110750.64,1757142103,1757142102,TRUE,110746.65,1757142104,1757142102,TRUE,110772.45,1757142104,1757142102,3
2025-09-06T15:02:44.706155,Modified Strict Full Collection,TRUE,110750.65,1757142166,1757142165,TRUE,110746.62,1757142165,1757142165,TRUE,110772.44,1757142166,1757142165,3
2025-09-06T15:03:46.947433,Modified Strict Full Collection,TRUE,110761.72,1757142228,1757142227,TRUE,110757.66,1757142229,1757142227,TRUE,110777.48,1757142228,1757142227,3
2025-09-06T15:04:49.242488,Modified Strict Full Collection,TRUE,110772.09,1757142290,1757142289,TRUE,110768.01,1757142291,1757142289,TRUE,110786.26,1757142290,1757142289,3
2025-09-06T15:05:51.465414,Modified Strict Full Collection,TRUE,110772.1,1757142352,1757142351,TRUE,110768.02,1757142353,1757142351,TRUE,110786.26,1757142352,1757142351,3
2025-09-06T15:06:53.621294,Modified Strict Full Collection,TRUE,110779.99,1757142414,1757142414,TRUE,110775.92,1757142415,1757142414,TRUE,110794.24,1757142414,1757142414,3
2025-09-06T15:07:55.841083,Modified Strict Full Collection,TRUE,110773,1757142477,1757142476,TRUE,110768.92,1757142477,1757142476,TRUE,110793.12,1757142476,1757142476,3
2025-09-06T15:08:58.121622,Modified Strict Full Collection,TRUE,110773,1757142539,1757142538,TRUE,110768.92,1757142540,1757142538,TRUE,110793.11,1757142539,1757142538,3
2025-09-06T15:10:00.238523,Modified Strict Full Collection,TRUE,110773,1757142601,1757142600,TRUE,110769,1757142602,1757142600,TRUE,110793.11,1757142601,1757142600,3
2025-09-06T15:11:02.518819,Modified Strict Full Collection,TRUE,110773,1757142663,1757142663,TRUE,110769,1757142664,1757142663,TRUE,110793.12,1757142664,1757142663,3
2025-09-06T15:12:04.672988,Modified Strict Full Collection,TRUE,110776.16,1757142726,1757142725,TRUE,110772.1,1757142726,1757142725,TRUE,110793.78,1757142726,1757142725,3
2025-09-06T15:13:06.902808,Modified Strict Full Collection,TRUE,110776.16,1757142788,1757142787,TRUE,110771.81,1757142788,1757142787,TRUE,110793.79,1757142788,1757142787,3
2025-09-06T15:14:09.021464,Modified Strict Full Collection,TRUE,110785.75,1757142850,1757142849,TRUE,110771.81,1757142850,1757142849,TRUE,110797.36,1757142850,1757142849,3
2025-09-06T15:15:11.131508,Modified Strict Full Collection,TRUE,110797.02,1757142912,1757142911,TRUE,110792.71,1757142913,1757142911,TRUE,110806.19,1757142912,1757142911,3
2025-09-06T15:16:13.312838,Modified Strict Full Collection,TRUE,110797.02,1757142974,1757142973,TRUE,110792.6,1757142975,1757142973,TRUE,110806.18,1757142974,1757142973,3
2025-09-06T15:17:15.504479,Modified Strict Full Collection,TRUE,110797.02,1757143036,1757143036,TRUE,110792.55,1757143035,1757143036,TRUE,110810.27,1757143036,1757143036,3
2025-09-06T15:18:17.717224,Modified Strict Full Collection,TRUE,110797.02,1757143099,1757143098,TRUE,110792.61,1757143099,1757143098,TRUE,110810.27,1757143099,1757143098,3
2025-09-06T15:19:19.874375,Modified Strict Full Collection,TRUE,110797.02,1757143161,1757143160,TRUE,110791.94,1757143161,1757143160,TRUE,110810.28,1757143161,1757143160,3
2025-09-06T15:20:22.172896,Modified Strict Full Collection,TRUE,110797.02,1757143223,1757143222,TRUE,110791.97,1757143224,1757143222,TRUE,110810.28,1757143223,1757143222,3
2025-09-06T15:21:24.384691,Modified Strict Full Collection,TRUE,110797.02,1757143285,1757143284,TRUE,110792.03,1757143286,1757143284,TRUE,110819.11,1757143285,1757143284,3
2025-09-06T15:22:26.520347,Modified Strict Full Collection,TRUE,110797.02,1757143347,1757143347,TRUE,110792.04,1757143348,1757143347,TRUE,110819.11,1757143348,1757143347,3
2025-09-06T15:23:28.790328,Modified Strict Full Collection,TRUE,110797.02,1757143410,1757143409,TRUE,110792.06,1757143410,1757143409,TRUE,110819.11,1757143410,1757143409,3
2025-09-06T15:24:31.069216,Modified Strict Full Collection,TRUE,110797.01,1757143472,1757143471,TRUE,110792.03,1757143472,1757143471,TRUE,110819.12,1757143473,1757143471,3
2025-09-06T15:25:33.245256,Modified Strict Full Collection,TRUE,110797.02,1757143534,1757143533,TRUE,110792.04,1757143535,1757143533,TRUE,110819.11,1757143535,1757143533,3
2025-09-06T15:26:35.458226,Modified Strict Full Collection,TRUE,110797.01,1757143596,1757143595,TRUE,110792.03,1757143597,1757143595,TRUE,110819.11,1757143596,1757143595,3
2025-09-06T15:27:37.719876,Modified Strict Full Collection,TRUE,110816.99,1757143659,1757143658,TRUE,110811.96,1757143659,1757143658,TRUE,110832.72,1757143659,1757143658,3
2025-09-06T15:28:40.044733,Modified Strict Full Collection,TRUE,110816.99,1757143721,1757143720,TRUE,110811.95,1757143721,1757143720,TRUE,110832.71,1757143721,1757143720,3
2025-09-06T15:29:42.233502,Modified Strict Full Collection,TRUE,110817,1757143783,1757143782,TRUE,110811.95,1757143784,1757143782,TRUE,110832.72,1757143783,1757143782,3
2025-09-06T15:30:44.399198,Modified Strict Full Collection,TRUE,110817,1757143845,1757143844,TRUE,110811.95,1757143846,1757143844,TRUE,110832.71,1757143846,1757143844,3
2025-09-06T15:31:46.606180,Modified Strict Full Collection,TRUE,110817,1757143907,1757143907,TRUE,110811.96,1757143908,1757143907,TRUE,110832.72,1757143908,1757143907,3
2025-09-06T15:32:48.820419,Modified Strict Full Collection,TRUE,110816.99,1757143970,1757143969,TRUE,110811.96,1757143970,1757143969,TRUE,110832.72,1757143970,1757143969,3
2025-09-06T15:33:51.044875,Modified Strict Full Collection,TRUE,110816.99,1757144032,1757144031,TRUE,110811.88,1757144033,1757144031,TRUE,110832.71,1757144032,1757144031,3
2025-09-06T15:34:53.242592,Modified Strict Full Collection,TRUE,110816.99,1757144094,1757144093,TRUE,110811.68,1757144095,1757144093,TRUE,110832.71,1757144094,1757144093,3
2025-09-06T15:35:55.406388,Modified Strict Full Collection,TRUE,110817,1757144156,1757144155,TRUE,110805.94,1757144157,1757144155,TRUE,110832.71,1757144156,1757144155,3
2025-09-06T15:36:57.605488,Modified Strict Full Collection,TRUE,110803.01,1757144218,1757144218,TRUE,110805.93,1757144219,1757144218,TRUE,110821.67,1757144218,1757144218,3
2025-09-06T15:37:59.768123,Modified Strict Full Collection,TRUE,110803,1757144281,1757144280,TRUE,110791.96,1757144280,1757144280,TRUE,110821.67,1757144281,1757144280,3
2025-09-06T15:39:01.948818,Modified Strict Full Collection,TRUE,110817.11,1757144343,1757144342,TRUE,110791.95,1757144343,1757144342,TRUE,110842.79,1757144344,1757144342,3
2025-09-06T15:40:04.118022,Modified Strict Full Collection,TRUE,110817.1,1757144405,1757144404,TRUE,110806.34,1757144406,1757144404,TRUE,110842.83,1757144406,1757144404,3
2025-09-06T15:41:06.347093,Modified Strict Full Collection,TRUE,110817.11,1757144467,1757144466,TRUE,110806.36,1757144468,1757144466,TRUE,110842.83,1757144467,1757144466,3
2025-09-06T15:42:08.453624,Modified Strict Full Collection,TRUE,110817.1,1757144529,1757144528,TRUE,110806.38,1757144530,1757144528,TRUE,110842.82,1757144530,1757144528,3
2025-09-06T15:43:10.631678,Modified Strict Full Collection,TRUE,110817.11,1757144592,1757144591,TRUE,110806.36,1757144592,1757144591,TRUE,110842.83,1757144592,1757144591,3
2025-09-06T15:44:12.912303,Modified Strict Full Collection,TRUE,110817.1,1757144654,1757144653,TRUE,110806.36,1757144654,1757144653,TRUE,110842.83,1757144654,1757144653,3
2025-09-06T15:45:15.138842,Modified Strict Full Collection,TRUE,110817.1,1757144716,1757144715,TRUE,110806.61,1757144717,1757144715,TRUE,110842.82,1757144715,1757144715,3
2025-09-06T15:46:17.279100,Modified Strict Full Collection,TRUE,110817.11,1757144778,1757144777,TRUE,110806.61,1757144779,1757144777,TRUE,110834.67,1757144779,1757144777,3
2025-09-06T15:47:19.448202,Modified Strict Full Collection,TRUE,110817.1,1757144840,1757144839,TRUE,110806.5,1757144841,1757144839,TRUE,110834.66,1757144841,1757144839,3
2025-09-06T15:48:21.605798,Modified Strict Full Collection,TRUE,110817.11,1757144902,1757144902,TRUE,110806.02,1757144902,1757144902,TRUE,110834.66,1757144902,1757144902,3
2025-09-06T15:49:23.857800,Modified Strict Full Collection,TRUE,110817.1,1757144965,1757144964,TRUE,110806.02,1757144963,1757144964,TRUE,110836.06,1757144965,1757144964,3
2025-09-06T15:50:26.064115,Modified Strict Full Collection,TRUE,110817.11,1757145027,1757145026,TRUE,110806.03,1757145027,1757145026,TRUE,110836.07,1757145027,1757145026,3
2025-09-06T15:51:28.235525,Modified Strict Full Collection,TRUE,110825.6,1757145089,1757145088,TRUE,110818.06,1757145087,1757145088,TRUE,110850.51,1757145089,1757145088,3
2025-09-06T15:52:30.393530,Modified Strict Full Collection,TRUE,110825.6,1757145151,1757145150,TRUE,110814.51,1757145151,1757145150,TRUE,110850.51,1757145151,1757145150,3
2025-09-06T15:53:32.560151,Modified Strict Full Collection,TRUE,110825.6,1757145213,1757145213,TRUE,110814.51,1757145213,1757145213,TRUE,110844.37,1757145213,1757145213,3
2025-09-06T15:54:34.882239,Modified Strict Full Collection,TRUE,110825.6,1757145276,1757145275,TRUE,110815.16,1757145275,1757145275,TRUE,110844.37,1757145276,1757145275,3
2025-09-06T15:55:37.077792,Modified Strict Full Collection,TRUE,110800.01,1757145338,1757145337,TRUE,110789.69,1757145338,1757145337,TRUE,110823.01,1757145338,1757145337,3
2025-09-06T15:56:39.285469,Modified Strict Full Collection,TRUE,110800.01,1757145400,1757145399,TRUE,110789.69,1757145398,1757145399,TRUE,110823,1757145400,1757145399,3
2025-09-06T15:57:41.488104,Modified Strict Full Collection,TRUE,110817.01,1757145462,1757145461,TRUE,110804.04,1757145463,1757145461,TRUE,110830.48,1757145462,1757145461,3
2025-09-06T15:58:43.680352,Modified Strict Full Collection,TRUE,110817,1757145524,1757145524,TRUE,110807.25,1757145524,1757145524,TRUE,110830.49,1757145524,1757145524,3
2025-09-06T15:59:45.894867,Modified Strict Full Collection,TRUE,110817,1757145587,1757145586,TRUE,110807.25,1757145587,1757145586,TRUE,110830.48,1757145587,1757145586,3
2025-09-06T16:00:48.136753,Modified Strict Full Collection,TRUE,110833.99,1757145649,1757145648,TRUE,110823.25,1757145649,1757145648,TRUE,110850.66,1757145649,1757145648,3
2025-09-06T16:01:50.328616,Modified Strict Full Collection,TRUE,110834,1757145711,1757145710,TRUE,110823.25,1757145711,1757145710,TRUE,110857.6,1757145712,1757145710,3
2025-09-06T16:02:52.526759,Modified Strict Full Collection,TRUE,110834,1757145773,1757145773,TRUE,110823.25,1757145773,1757145773,TRUE,110857.59,1757145773,1757145773,3
2025-09-06T16:03:54.734692,Modified Strict Full Collection,TRUE,110834,1757145836,1757145835,TRUE,110823.17,1757145836,1757145835,TRUE,110850.66,1757145836,1757145835,3
2025-09-06T16:04:56.958241,Modified Strict Full Collection,TRUE,110834,1757145898,1757145897,TRUE,110823.31,1757145897,1757145897,TRUE,110850.66,1757145898,1757145897,3
2025-09-06T16:05:59.088471,Modified Strict Full Collection,TRUE,110834,1757145960,1757145959,TRUE,110823.3,1757145959,1757145959,TRUE,110850.67,1757145960,1757145959,3
2025-09-06T16:07:01.315040,Modified Strict Full Collection,TRUE,110831.52,1757146022,1757146021,TRUE,110820.83,1757146022,1757146021,TRUE,110849,1757146022,1757146021,3
2025-09-06T16:08:03.595757,Modified Strict Full Collection,TRUE,110823.79,1757146085,1757146084,TRUE,110813.09,1757146084,1757146084,TRUE,110842.79,1757146084,1757146084,3
2025-09-06T16:09:05.886377,Modified Strict Full Collection,TRUE,110809.95,1757146147,1757146146,TRUE,110805.38,1757146147,1757146146,TRUE,110834.3,1757146147,1757146146,3
2025-09-06T16:10:08.143772,Modified Strict Full Collection,TRUE,110801.96,1757146209,1757146208,TRUE,110790.91,1757146210,1757146208,TRUE,110816.3,1757146210,1757146208,3
2025-09-06T16:11:10.343234,Modified Strict Full Collection,TRUE,110779.33,1757146271,1757146270,TRUE,110768.46,1757146272,1757146270,TRUE,110797.73,1757146271,1757146270,3
2025-09-06T16:12:12.574151,Modified Strict Full Collection,TRUE,110774.47,1757146333,1757146333,TRUE,110763.63,1757146334,1757146333,TRUE,110794.42,1757146334,1757146333,3
2025-09-06T16:13:14.825418,Modified Strict Full Collection,TRUE,110801.61,1757146396,1757146395,TRUE,110784.82,1757146395,1757146395,TRUE,110815,1757146396,1757146395,3
2025-09-06T16:14:17.018567,Modified Strict Full Collection,TRUE,110801.6,1757146458,1757146457,TRUE,110790.62,1757146458,1757146457,TRUE,110814.99,1757146458,1757146457,3
2025-09-06T16:15:19.217829,Modified Strict Full Collection,TRUE,110801.6,1757146521,1757146519,TRUE,110790.63,1757146521,1757146519,TRUE,110814.99,1757146521,1757146519,3
2025-09-06T16:16:22.278444,Modified Strict Full Collection,TRUE,110801.61,1757146583,1757146582,TRUE,110790.52,1757146584,1757146582,TRUE,110817.53,1757146584,1757146582,3
2025-09-06T16:17:24.524591,Modified Strict Full Collection,TRUE,110796.79,1757146645,1757146645,TRUE,110785.72,1757146646,1757146645,TRUE,110810.01,1757146645,1757146645,3
2025-09-06T16:18:26.773541,Modified Strict Full Collection,TRUE,110796.79,1757146708,1757146707,TRUE,110785.71,1757146708,1757146707,TRUE,110810,1757146708,1757146707,3
2025-09-06T16:19:29.035539,Modified Strict Full Collection,TRUE,110793.01,1757146770,1757146769,TRUE,110785.71,1757146771,1757146769,TRUE,110810,1757146769,1757146769,3
2025-09-06T16:20:31.304342,Modified Strict Full Collection,TRUE,110791.77,1757146832,1757146831,TRUE,110780.7,1757146832,1757146831,TRUE,110810,1757146833,1757146831,3
2025-09-06T16:21:33.607344,Modified Strict Full Collection,TRUE,110791.77,1757146894,1757146894,TRUE,110780.71,1757146895,1757146894,TRUE,110810,1757146895,1757146894,3
2025-09-06T16:22:35.788135,Modified Strict Full Collection,TRUE,110791.76,1757146957,1757146956,TRUE,110780.68,1757146957,1757146956,TRUE,110810,1757146957,1757146956,3
2025-09-06T16:23:38.047777,Modified Strict Full Collection,TRUE,110791.76,1757147019,1757147018,TRUE,110781.08,1757147019,1757147018,TRUE,110810.01,1757147019,1757147018,3
2025-09-06T16:24:40.300265,Modified Strict Full Collection,TRUE,110791.76,1757147080,1757147080,TRUE,110781,1757147082,1757147080,TRUE,110810,1757147081,1757147080,3
2025-09-06T16:25:42.487805,Modified Strict Full Collection,TRUE,110791.77,1757147143,1757147142,TRUE,110780.68,1757147144,1757147142,TRUE,110810,1757147144,1757147142,3
2025-09-06T16:26:44.713424,Modified Strict Full Collection,TRUE,110786.38,1757147206,1757147205,TRUE,110780.66,1757147206,1757147205,TRUE,110805,1757147205,1757147205,3
2025-09-06T16:27:46.872983,Modified Strict Full Collection,TRUE,110786.39,1757147268,1757147267,TRUE,110775.31,1757147268,1757147267,TRUE,110804.45,1757147268,1757147267,3
2025-09-06T16:28:49.685600,Modified Strict Full Collection,TRUE,110784.01,1757147331,1757147330,TRUE,110772.93,1757147331,1757147330,TRUE,110799.21,1757147331,1757147330,3
2025-09-06T16:29:51.859092,Modified Strict Full Collection,TRUE,110784.01,1757147393,1757147392,TRUE,110773.05,1757147393,1757147392,TRUE,110799.21,1757147393,1757147392,3
2025-09-06T16:30:54.090667,Modified Strict Full Collection,TRUE,110829.4,1757147455,1757147454,TRUE,110818.31,1757147456,1757147454,TRUE,110847.43,1757147456,1757147454,3
2025-09-06T16:31:56.403457,Modified Strict Full Collection,TRUE,110829.4,1757147517,1757147516,TRUE,110818.31,1757147518,1757147516,TRUE,110847.43,1757147517,1757147516,3
2025-09-06T16:32:58.615153,Modified Strict Full Collection,TRUE,110829.39,1757147579,1757147579,TRUE,110818.31,1757147580,1757147579,TRUE,110847.42,1757147580,1757147579,3
2025-09-06T16:34:00.735380,Modified Strict Full Collection,TRUE,110829.99,1757147642,1757147641,TRUE,110819.13,1757147642,1757147641,TRUE,110855.69,1757147642,1757147641,3
2025-09-06T16:35:02.971217,Modified Strict Full Collection,TRUE,110864.28,1757147704,1757147703,TRUE,110853.72,1757147704,1757147703,TRUE,110879.87,1757147704,1757147703,3
2025-09-06T16:36:05.195405,Modified Strict Full Collection,TRUE,110864.28,1757147766,1757147765,TRUE,110853.68,1757147767,1757147765,TRUE,110879.86,1757147766,1757147765,3
2025-09-06T16:37:07.434735,Modified Strict Full Collection,TRUE,110864.29,1757147828,1757147827,TRUE,110853.68,1757147829,1757147827,TRUE,110885.27,1757147829,1757147827,3
2025-09-06T16:38:09.780065,Modified Strict Full Collection,TRUE,110864.29,1757147891,1757147890,TRUE,110853.68,1757147891,1757147890,TRUE,110885.28,1757147891,1757147890,3
2025-09-06T16:39:12.188161,Modified Strict Full Collection,TRUE,110864.29,1757147953,1757147952,TRUE,110853.73,1757147954,1757147952,TRUE,110885.27,1757147954,1757147952,3
2025-09-06T16:40:14.439849,Modified Strict Full Collection,TRUE,110864.29,1757148015,1757148014,TRUE,110853.73,1757148015,1757148014,TRUE,110879.97,1757148016,1757148014,3
2025-09-06T16:41:16.937254,Modified Strict Full Collection,TRUE,110864.28,1757148078,1757148077,TRUE,110853.76,1757148078,1757148077,TRUE,110879.97,1757148078,1757148077,3
2025-09-06T16:42:19.102759,Modified Strict Full Collection,TRUE,110864.29,1757148140,1757148139,TRUE,110853.75,1757148141,1757148139,TRUE,110879.97,1757148140,1757148139,3
2025-09-06T16:43:21.325981,Modified Strict Full Collection,TRUE,110873.78,1757148202,1757148201,TRUE,110863.26,1757148203,1757148201,TRUE,110887.05,1757148203,1757148201,3
2025-09-06T16:44:23.562851,Modified Strict Full Collection,TRUE,110898,1757148264,1757148264,TRUE,110887.79,1757148265,1757148264,TRUE,110914.65,1757148265,1757148264,3
2025-09-06T16:45:25.691960,Modified Strict Full Collection,TRUE,110898,1757148327,1757148326,TRUE,110891.55,1757148326,1757148326,TRUE,110914.64,1757148327,1757148326,3
2025-09-06T16:46:28.075480,Modified Strict Full Collection,TRUE,110898,1757148389,1757148388,TRUE,110891.73,1757148388,1757148388,TRUE,110914.65,1757148389,1757148388,3
2025-09-06T16:47:30.319528,Modified Strict Full Collection,TRUE,110910.9,1757148451,1757148450,TRUE,110899.95,1757148450,1757148450,TRUE,110922.35,1757148452,1757148450,3
2025-09-06T16:48:32.961326,Modified Strict Full Collection,TRUE,110910.91,1757148514,1757148513,TRUE,110901.38,1757148514,1757148513,TRUE,110922.35,1757148515,1757148513,3
2025-09-06T16:49:35.218819,Modified Strict Full Collection,TRUE,110910.9,1757148576,1757148575,TRUE,110901.36,1757148577,1757148575,TRUE,110924.42,1757148576,1757148575,3
2025-09-06T16:50:37.447653,Modified Strict Full Collection,TRUE,110910.91,1757148638,1757148637,TRUE,110899.81,1757148639,1757148637,TRUE,110924.42,1757148638,1757148637,3
2025-09-06T16:51:39.660113,Modified Strict Full Collection,TRUE,110910.91,1757148700,1757148700,TRUE,110901.7,1757148701,1757148700,TRUE,110924.42,1757148701,1757148700,3
2025-09-06T16:52:41.871979,Modified Strict Full Collection,TRUE,110910.9,1757148763,1757148762,TRUE,110901.65,1757148763,1757148762,TRUE,110930.23,1757148763,1757148762,3
2025-09-06T16:53:44.088537,Modified Strict Full Collection,TRUE,110952.77,1757148825,1757148824,TRUE,110943.43,1757148825,1757148824,TRUE,110975.12,1757148825,1757148824,3
2025-09-06T16:54:46.317676,Modified Strict Full Collection,TRUE,110952.77,1757148887,1757148886,TRUE,110943.45,1757148888,1757148886,TRUE,110975.13,1757148888,1757148886,3
2025-09-06T16:55:49.042833,Modified Strict Full Collection,TRUE,110952.77,1757148950,1757148949,TRUE,110943.66,1757148950,1757148949,TRUE,110975.13,1757148950,1757148949,3
2025-09-06T16:56:51.345476,Modified Strict Full Collection,TRUE,110952.76,1757149012,1757149011,TRUE,110943.67,1757149013,1757149011,TRUE,110975.13,1757149013,1757149011,3
2025-09-06T16:57:54.121852,Modified Strict Full Collection,TRUE,110954.79,1757149075,1757149074,TRUE,110945.69,1757149075,1757149074,TRUE,110975.12,1757149075,1757149074,3
2025-09-06T16:58:56.297817,Modified Strict Full Collection,TRUE,110967.99,1757149137,1757149136,TRUE,110958.87,1757149138,1757149136,TRUE,110980.54,1757149137,1757149136,3
2025-09-06T16:59:58.475276,Modified Strict Full Collection,TRUE,110952.76,1757149199,1757149198,TRUE,110949.58,1757149200,1757149198,TRUE,110965.05,1757149200,1757149198,3
2025-09-06T17:01:00.657420,Modified Strict Full Collection,TRUE,110888.73,1757149261,1757149261,TRUE,110879.44,1757149262,1757149261,TRUE,110905.17,1757149262,1757149261,3
2025-09-06T17:02:02.875673,Modified Strict Full Collection,TRUE,110880,1757149324,1757149323,TRUE,110870.7,1757149324,1757149323,TRUE,110895,1757149324,1757149323,3
2025-09-06T17:03:05.069759,Modified Strict Full Collection,TRUE,110874.39,1757149386,1757149385,TRUE,110865.1,1757149387,1757149385,TRUE,110887.15,1757149386,1757149385,3
2025-09-06T17:04:07.221914,Modified Strict Full Collection,TRUE,110808.01,1757149448,1757149447,TRUE,110834.97,1757149447,1757149447,TRUE,110817.02,1757149448,1757149447,3
2025-09-06T17:05:09.414642,Modified Strict Full Collection,TRUE,110827.99,1757149510,1757149509,TRUE,110796.92,1757149511,1757149509,TRUE,110849.27,1757149510,1757149509,3
2025-09-06T17:06:11.676862,Modified Strict Full Collection,TRUE,110865.95,1757149573,1757149572,TRUE,110854.87,1757149573,1757149572,TRUE,110874.66,1757149573,1757149572,3
2025-09-06T17:07:14.080928,Modified Strict Full Collection,TRUE,110856.76,1757149635,1757149634,TRUE,110845.68,1757149636,1757149634,TRUE,110867.63,1757149635,1757149634,3
2025-09-06T17:08:16.379165,Modified Strict Full Collection,TRUE,110856.75,1757149697,1757149696,TRUE,110845.68,1757149698,1757149696,TRUE,110867.64,1757149697,1757149696,3
2025-09-06T17:09:18.592227,Modified Strict Full Collection,TRUE,110836.18,1757149759,1757149759,TRUE,110832.55,1757149760,1757149759,TRUE,110849.3,1757149760,1757149759,3
2025-09-06T17:10:20.752306,Modified Strict Full Collection,TRUE,110812.17,1757149822,1757149821,TRUE,110811.56,1757149822,1757149821,TRUE,110831.08,1757149822,1757149821,3
2025-09-06T17:11:23.025173,Modified Strict Full Collection,TRUE,110750.39,1757149884,1757149883,TRUE,110789.59,1757149884,1757149883,TRUE,110768.72,1757149884,1757149883,3
2025-09-06T17:12:25.170387,Modified Strict Full Collection,TRUE,110749.15,1757149946,1757149945,TRUE,110738.45,1757149947,1757149945,TRUE,110758.53,1757149946,1757149945,3
2025-09-06T17:13:27.402572,Modified Strict Full Collection,TRUE,110726.1,1757150008,1757150007,TRUE,110709.87,1757150009,1757150007,TRUE,110735.5,1757150009,1757150007,3
2025-09-06T17:14:29.563046,Modified Strict Full Collection,TRUE,110722.01,1757150070,1757150070,TRUE,110715.31,1757150071,1757150070,TRUE,110735.51,1757150070,1757150070,3
2025-09-06T17:15:31.778649,Modified Strict Full Collection,TRUE,110735.41,1757150133,1757150132,TRUE,110711,1757150133,1757150132,TRUE,110742.22,1757150133,1757150132,3
2025-09-06T17:16:34.020732,Modified Strict Full Collection,TRUE,110720.58,1757150195,1757150194,TRUE,110722.1,1757150195,1757150194,TRUE,110742.03,1757150195,1757150194,3
2025-09-06T17:17:36.198771,Modified Strict Full Collection,TRUE,110720.58,1757150257,1757150256,TRUE,110709.9,1757150258,1757150256,TRUE,110742.03,1757150257,1757150256,3
2025-09-06T17:18:38.635034,Modified Strict Full Collection,TRUE,110729.28,1757150320,1757150319,TRUE,110718.42,1757150320,1757150319,TRUE,110742.03,1757150320,1757150319,3
2025-09-06T17:19:40.880216,Modified Strict Full Collection,TRUE,110729.27,1757150382,1757150381,TRUE,110718.42,1757150382,1757150381,TRUE,110742.03,1757150381,1757150381,3
2025-09-06T17:20:43.100793,Modified Strict Full Collection,TRUE,110741.99,1757150444,1757150443,TRUE,110729.09,1757150444,1757150443,TRUE,110751.77,1757150444,1757150443,3
2025-09-06T17:21:45.246224,Modified Strict Full Collection,TRUE,110747.72,1757150506,1757150505,TRUE,110736.67,1757150504,1757150505,TRUE,110759.02,1757150506,1757150505,3
2025-09-06T17:22:47.442012,Modified Strict Full Collection,TRUE,110733.11,1757150568,1757150567,TRUE,110722.12,1757150569,1757150567,TRUE,110745.68,1757150569,1757150567,3
2025-09-06T17:23:49.855136,Modified Strict Full Collection,TRUE,110733.12,1757150631,1757150630,TRUE,110722.04,1757150631,1757150630,TRUE,110745.68,1757150631,1757150630,3
2025-09-06T17:24:52.014327,Modified Strict Full Collection,TRUE,110733.11,1757150693,1757150692,TRUE,110722.05,1757150693,1757150692,TRUE,110745.68,1757150693,1757150692,3
2025-09-06T17:25:54.262870,Modified Strict Full Collection,TRUE,110733.11,1757150755,1757150754,TRUE,110722.07,1757150756,1757150754,TRUE,110745.67,1757150756,1757150754,3
2025-09-06T17:26:56.470938,Modified Strict Full Collection,TRUE,110721.41,1757150817,1757150816,TRUE,110710.36,1757150818,1757150816,TRUE,110737.29,1757150818,1757150816,3
2025-09-06T17:27:58.599589,Modified Strict Full Collection,TRUE,110717,1757150879,1757150879,TRUE,110710.6,1757150880,1757150879,TRUE,110726.15,1757150880,1757150879,3
2025-09-06T17:29:00.857352,Modified Strict Full Collection,TRUE,110700.01,1757150942,1757150941,TRUE,110689.28,1757150942,1757150941,TRUE,110704.52,1757150942,1757150941,3
2025-09-06T17:30:03.150196,Modified Strict Full Collection,TRUE,110698.95,1757151004,1757151003,TRUE,110688.16,1757151005,1757151003,TRUE,110706.31,1757151004,1757151003,3
2025-09-06T17:31:05.374763,Modified Strict Full Collection,TRUE,110739.38,1757151066,1757151065,TRUE,110719.31,1757151067,1757151065,TRUE,110746.54,1757151066,1757151065,3
2025-09-06T17:32:07.594167,Modified Strict Full Collection,TRUE,110762.31,1757151128,1757151128,TRUE,110728.69,1757151129,1757151128,TRUE,110767.69,1757151129,1757151128,3
2025-09-06T17:33:09.774312,Modified Strict Full Collection,TRUE,110762.3,1757151191,1757151190,TRUE,110753.43,1757151191,1757151190,TRUE,110767.69,1757151191,1757151190,3
2025-09-06T17:34:11.930026,Modified Strict Full Collection,TRUE,110762.31,1757151253,1757151252,TRUE,110753.41,1757151253,1757151252,TRUE,110767.69,1757151252,1757151252,3
2025-09-06T17:35:14.057927,Modified Strict Full Collection,TRUE,110775.32,1757151315,1757151314,TRUE,110761.3,1757151316,1757151314,TRUE,110778.06,1757151315,1757151314,3
2025-09-06T17:36:16.470384,Modified Strict Full Collection,TRUE,110775.33,1757151377,1757151376,TRUE,110765.94,1757151375,1757151376,TRUE,110782.58,1757151377,1757151376,3
2025-09-06T17:37:18.673523,Modified Strict Full Collection,TRUE,110793.99,1757151439,1757151439,TRUE,110784.54,1757151440,1757151439,TRUE,110811.04,1757151440,1757151439,3
2025-09-06T17:38:20.901173,Modified Strict Full Collection,TRUE,110802.59,1757151502,1757151501,TRUE,110793.19,1757151502,1757151501,TRUE,110811.05,1757151501,1757151501,3
2025-09-06T17:39:23.060583,Modified Strict Full Collection,TRUE,110793.99,1757151564,1757151563,TRUE,110788.08,1757151564,1757151563,TRUE,110805.44,1757151565,1757151563,3
2025-09-06T17:40:25.333361,Modified Strict Full Collection,TRUE,110781.67,1757151626,1757151625,TRUE,110775.74,1757151627,1757151625,TRUE,110794.37,1757151627,1757151625,3
2025-09-06T17:41:27.554222,Modified Strict Full Collection,TRUE,110810.68,1757151688,1757151688,TRUE,110787.49,1757151689,1757151688,TRUE,110814.07,1757151689,1757151688,3
2025-09-06T17:42:29.730280,Modified Strict Full Collection,TRUE,110810.69,1757151751,1757151750,TRUE,110805.55,1757151750,1757151750,TRUE,110814.08,1757151751,1757151750,3
2025-09-06T17:43:31.972352,Modified Strict Full Collection,TRUE,110810.69,1757151813,1757151812,TRUE,110805.46,1757151813,1757151812,TRUE,110814.08,1757151812,1757151812,3
2025-09-06T17:44:34.160562,Modified Strict Full Collection,TRUE,110810.69,1757151875,1757151874,TRUE,110805.46,1757151876,1757151874,TRUE,110814.07,1757151875,1757151874,3
2025-09-06T17:45:36.606654,Modified Strict Full Collection,TRUE,110817.11,1757151938,1757151937,TRUE,110807.3,1757151939,1757151937,TRUE,110827.93,1757151939,1757151937,3
2025-09-06T17:46:39.489529,Modified Strict Full Collection,TRUE,110825.93,1757152000,1757151999,TRUE,110822.48,1757152001,1757151999,TRUE,110835.76,1757152001,1757151999,3
2025-09-06T17:47:41.694036,Modified Strict Full Collection,TRUE,110798.15,1757152063,1757152062,TRUE,110794.46,1757152063,1757152062,TRUE,110808,1757152063,1757152062,3
2025-09-06T17:48:43.894622,Modified Strict Full Collection,TRUE,110762.31,1757152125,1757152124,TRUE,110794.17,1757152125,1757152124,TRUE,110765,1757152125,1757152124,3
2025-09-06T17:49:46.095188,Modified Strict Full Collection,TRUE,110762.31,1757152187,1757152186,TRUE,110757.97,1757152185,1757152186,TRUE,110769.41,1757152187,1757152186,3
2025-09-06T17:50:48.307496,Modified Strict Full Collection,TRUE,110762.3,1757152249,1757152248,TRUE,110757.95,1757152250,1757152248,TRUE,110769.4,1757152250,1757152248,3
2025-09-06T17:51:50.514367,Modified Strict Full Collection,TRUE,110762.3,1757152311,1757152311,TRUE,110757.96,1757152312,1757152311,TRUE,110769.41,1757152311,1757152311,3
2025-09-06T17:52:52.696422,Modified Strict Full Collection,TRUE,110762.31,1757152374,1757152373,TRUE,110757.69,1757152374,1757152373,TRUE,110769.41,1757152374,1757152373,3
2025-09-06T17:53:55.135573,Modified Strict Full Collection,TRUE,110727.66,1757152436,1757152435,TRUE,110723.05,1757152437,1757152435,TRUE,110736.97,1757152436,1757152435,3
2025-09-06T17:54:57.202730,Modified Strict Full Collection,TRUE,110727.52,1757152498,1757152497,TRUE,110721.52,1757152499,1757152497,TRUE,110736.98,1757152499,1757152497,3
2025-09-06T17:55:59.434859,Modified Strict Full Collection,TRUE,110727.67,1757152560,1757152559,TRUE,110721.34,1757152561,1757152559,TRUE,110745.11,1757152560,1757152559,3
2025-09-06T17:57:01.653401,Modified Strict Full Collection,TRUE,110727.66,1757152623,1757152622,TRUE,110721.48,1757152623,1757152622,TRUE,110745.12,1757152623,1757152622,3
2025-09-06T17:58:03.860555,Modified Strict Full Collection,TRUE,110727.66,1757152685,1757152684,TRUE,110721.48,1757152685,1757152684,TRUE,110737.6,1757152685,1757152684,3
2025-09-06T17:59:06.088114,Modified Strict Full Collection,TRUE,110716.77,1757152747,1757152746,TRUE,110721.47,1757152748,1757152746,TRUE,110727.85,1757152747,1757152746,3
2025-09-06T18:00:08.310998,Modified Strict Full Collection,TRUE,110695.07,1757152809,1757152808,TRUE,110688.92,1757152810,1757152808,TRUE,110710.22,1757152810,1757152808,3
2025-09-06T18:01:10.533655,Modified Strict Full Collection,TRUE,110688.38,1757152871,1757152871,TRUE,110673.22,1757152872,1757152871,TRUE,110696.08,1757152872,1757152871,3
2025-09-06T18:02:12.670106,Modified Strict Full Collection,TRUE,110688.37,1757152934,1757152933,TRUE,110682.03,1757152932,1757152933,TRUE,110696.07,1757152934,1757152933,3
2025-09-06T18:03:14.909467,Modified Strict Full Collection,TRUE,110677.84,1757152996,1757152995,TRUE,110671.34,1757152995,1757152995,TRUE,110687.31,1757152996,1757152995,3
2025-09-06T18:04:17.095511,Modified Strict Full Collection,TRUE,110677.84,1757153058,1757153057,TRUE,110671.3,1757153056,1757153057,TRUE,110687.31,1757153058,1757153057,3
2025-09-06T18:05:19.315597,Modified Strict Full Collection,TRUE,110742.1,1757153121,1757153119,TRUE,110691.15,1757153122,1757153119,TRUE,110750.96,1757153121,1757153119,3
2025-09-06T18:06:22.328248,Modified Strict Full Collection,TRUE,110804.61,1757153183,1757153182,TRUE,110745.29,1757153184,1757153182,TRUE,110812.99,1757153184,1757153182,3
2025-09-06T18:07:24.486922,Modified Strict Full Collection,TRUE,110773.62,1757153245,1757153244,TRUE,110767.45,1757153246,1757153244,TRUE,110792.11,1757153245,1757153244,3
2025-09-06T18:08:26.738897,Modified Strict Full Collection,TRUE,110773.61,1757153308,1757153307,TRUE,110767.41,1757153308,1757153307,TRUE,110779.99,1757153308,1757153307,3
2025-09-06T18:09:28.969004,Modified Strict Full Collection,TRUE,110773.62,1757153370,1757153369,TRUE,110767.39,1757153370,1757153369,TRUE,110779.99,1757153370,1757153369,3
2025-09-06T18:10:31.199082,Modified Strict Full Collection,TRUE,110760.49,1757153432,1757153431,TRUE,110754.34,1757153433,1757153431,TRUE,110769.69,1757153432,1757153431,3
2025-09-06T18:11:33.406192,Modified Strict Full Collection,TRUE,110760.49,1757153494,1757153493,TRUE,110767.46,1757153495,1757153493,TRUE,110770.22,1757153495,1757153493,3
2025-09-06T18:12:35.549525,Modified Strict Full Collection,TRUE,110760.5,1757153556,1757153556,TRUE,110754.37,1757153557,1757153556,TRUE,110770.22,1757153557,1757153556,3
2025-09-06T18:13:37.762108,Modified Strict Full Collection,TRUE,110767.99,1757153619,1757153618,TRUE,110754.1,1757153619,1757153618,TRUE,110768,1757153619,1757153618,3
2025-09-06T18:14:39.938216,Modified Strict Full Collection,TRUE,110768,1757153681,1757153680,TRUE,110761.62,1757153681,1757153680,TRUE,110767.1,1757153681,1757153680,3
2025-09-06T18:15:42.260937,Modified Strict Full Collection,TRUE,110767.99,1757153743,1757153742,TRUE,110761.61,1757153744,1757153742,TRUE,110774.56,1757153743,1757153742,3
2025-09-06T18:16:44.503245,Modified Strict Full Collection,TRUE,110767.76,1757153805,1757153805,TRUE,110761.39,1757153805,1757153805,TRUE,110774.55,1757153805,1757153805,3
2025-09-06T18:17:46.727555,Modified Strict Full Collection,TRUE,110755.49,1757153868,1757153867,TRUE,110749.12,1757153868,1757153867,TRUE,110763.03,1757153867,1757153867,3
2025-09-06T18:18:48.833985,Modified Strict Full Collection,TRUE,110720,1757153930,1757153929,TRUE,110748.99,1757153930,1757153929,TRUE,110731,1757153930,1757153929,3
2025-09-06T18:19:51.034501,Modified Strict Full Collection,TRUE,110720,1757153992,1757153991,TRUE,110713.82,1757153992,1757153991,TRUE,110731.98,1757153992,1757153991,3
2025-09-06T18:20:53.239865,Modified Strict Full Collection,TRUE,110720.01,1757154054,1757154053,TRUE,110713.82,1757154055,1757154053,TRUE,110731.97,1757154054,1757154053,3
2025-09-06T18:21:55.470851,Modified Strict Full Collection,TRUE,110716,1757154116,1757154115,TRUE,110713.73,1757154117,1757154115,TRUE,110724.14,1757154117,1757154115,3
2025-09-06T18:22:57.651908,Modified Strict Full Collection,TRUE,110716.01,1757154179,1757154178,TRUE,110709.73,1757154179,1757154178,TRUE,110724.13,1757154179,1757154178,3
2025-09-06T18:23:59.831895,Modified Strict Full Collection,TRUE,110708.27,1757154241,1757154240,TRUE,110701.85,1757154241,1757154240,TRUE,110719.26,1757154241,1757154240,3
2025-09-06T18:25:01.991977,Modified Strict Full Collection,TRUE,110715.99,1757154303,1757154302,TRUE,110709.81,1757154303,1757154302,TRUE,110724.12,1757154303,1757154302,3
2025-09-06T18:26:04.100134,Modified Strict Full Collection,TRUE,110715.99,1757154365,1757154364,TRUE,110710.67,1757154366,1757154364,TRUE,110724.12,1757154365,1757154364,3
2025-09-06T18:27:06.331053,Modified Strict Full Collection,TRUE,110739.99,1757154427,1757154426,TRUE,110733.41,1757154428,1757154426,TRUE,110749.41,1757154428,1757154426,3
2025-09-06T18:28:08.499576,Modified Strict Full Collection,TRUE,110740,1757154489,1757154489,TRUE,110733.02,1757154490,1757154489,TRUE,110749.41,1757154490,1757154489,3
2025-09-06T18:29:10.689625,Modified Strict Full Collection,TRUE,110740,1757154552,1757154551,TRUE,110733.01,1757154552,1757154551,TRUE,110749.42,1757154552,1757154551,3
2025-09-06T18:30:12.894543,Modified Strict Full Collection,TRUE,110740,1757154614,1757154613,TRUE,110733.24,1757154614,1757154613,TRUE,110749.42,1757154614,1757154613,3
2025-09-06T18:31:15.198869,Modified Strict Full Collection,TRUE,110715.99,1757154676,1757154675,TRUE,110709.37,1757154675,1757154675,TRUE,110730.03,1757154676,1757154675,3
2025-09-06T18:32:17.393403,Modified Strict Full Collection,TRUE,110716,1757154738,1757154737,TRUE,110709.26,1757154738,1757154737,TRUE,110730.04,1757154739,1757154737,3
2025-09-06T18:33:19.560839,Modified Strict Full Collection,TRUE,110733.99,1757154801,1757154800,TRUE,110709.54,1757154801,1757154800,TRUE,110743.17,1757154801,1757154800,3
2025-09-06T18:34:21.827318,Modified Strict Full Collection,TRUE,110743.13,1757154863,1757154862,TRUE,110736.67,1757154863,1757154862,TRUE,110750.21,1757154863,1757154862,3
2025-09-06T18:35:24.021741,Modified Strict Full Collection,TRUE,110743.14,1757154925,1757154924,TRUE,110737.61,1757154926,1757154924,TRUE,110750.22,1757154925,1757154924,3
2025-09-06T18:36:26.260364,Modified Strict Full Collection,TRUE,110738.8,1757154987,1757154986,TRUE,110733.34,1757154988,1757154986,TRUE,110740.12,1757154987,1757154986,3
2025-09-06T18:37:28.454888,Modified Strict Full Collection,TRUE,110746.39,1757155049,1757155048,TRUE,110733.32,1757155050,1757155048,TRUE,110750.45,1757155050,1757155048,3
2025-09-06T18:38:30.632004,Modified Strict Full Collection,TRUE,110754.54,1757155111,1757155111,TRUE,110749.06,1757155112,1757155111,TRUE,110761.5,1757155112,1757155111,3
2025-09-06T18:39:32.867554,Modified Strict Full Collection,TRUE,110763.53,1757155174,1757155173,TRUE,110758.03,1757155174,1757155173,TRUE,110761.51,1757155174,1757155173,3
2025-09-06T18:40:35.070902,Modified Strict Full Collection,TRUE,110758.77,1757155236,1757155235,TRUE,110758.04,1757155236,1757155235,TRUE,110761.51,1757155236,1757155235,3
2025-09-06T18:41:37.191831,Modified Strict Full Collection,TRUE,110758.77,1757155298,1757155297,TRUE,110756.77,1757155299,1757155297,TRUE,110761.51,1757155298,1757155297,3
2025-09-06T18:42:39.386971,Modified Strict Full Collection,TRUE,110758.77,1757155360,1757155359,TRUE,110756.63,1757155361,1757155359,TRUE,110761.5,1757155361,1757155359,3
2025-09-06T18:43:41.568823,Modified Strict Full Collection,TRUE,110758.77,1757155422,1757155422,TRUE,110756.32,1757155423,1757155422,TRUE,110761.51,1757155423,1757155422,3
2025-09-06T18:44:43.763952,Modified Strict Full Collection,TRUE,110758.77,1757155485,1757155484,TRUE,110756.31,1757155485,1757155484,TRUE,110761.51,1757155484,1757155484,3
2025-09-06T18:45:45.998913,Modified Strict Full Collection,TRUE,110758.77,1757155547,1757155546,TRUE,110756.29,1757155545,1757155546,TRUE,110761.5,1757155547,1757155546,3
2025-09-06T18:46:48.157201,Modified Strict Full Collection,TRUE,110758.77,1757155609,1757155608,TRUE,110756.24,1757155610,1757155608,TRUE,110761.51,1757155609,1757155608,3
2025-09-06T18:47:50.379163,Modified Strict Full Collection,TRUE,110747.22,1757155671,1757155670,TRUE,110744.38,1757155672,1757155670,TRUE,110738.25,1757155672,1757155670,3
2025-09-06T18:48:52.901630,Modified Strict Full Collection,TRUE,110738.11,1757155734,1757155733,TRUE,110735.39,1757155734,1757155733,TRUE,110734.47,1757155734,1757155733,3
2025-09-06T18:49:55.105567,Modified Strict Full Collection,TRUE,110720,1757155796,1757155795,TRUE,110720.97,1757155796,1757155795,TRUE,110716,1757155796,1757155795,3
2025-09-06T18:50:57.285956,Modified Strict Full Collection,TRUE,110730,1757155858,1757155857,TRUE,110727.3,1757155859,1757155857,TRUE,110732.75,1757155858,1757155857,3
2025-09-06T18:51:59.498430,Modified Strict Full Collection,TRUE,110735,1757155920,1757155919,TRUE,110732.29,1757155921,1757155920,TRUE,110740.21,1757155920,1757155920,3
2025-09-06T18:53:01.742877,Modified Strict Full Collection,TRUE,110734.99,1757155983,1757155982,TRUE,110732.29,1757155983,1757155982,TRUE,110740.21,1757155983,1757155982,3
2025-09-06T18:54:03.967560,Modified Strict Full Collection,TRUE,110744.29,1757156045,1757156044,TRUE,110741.53,1757156045,1757156044,TRUE,110741.87,1757156044,1757156044,3
2025-09-06T18:55:06.126198,Modified Strict Full Collection,TRUE,110744.29,1757156107,1757156106,TRUE,110741.53,1757156108,1757156106,TRUE,110741.87,1757156107,1757156106,3
2025-09-06T18:56:08.315867,Modified Strict Full Collection,TRUE,110744.28,1757156169,1757156168,TRUE,110741.49,1757156170,1757156168,TRUE,110741.87,1757156169,1757156168,3
2025-09-06T18:57:10.496713,Modified Strict Full Collection,TRUE,110744.28,1757156231,1757156230,TRUE,110741.46,1757156232,1757156231,TRUE,110741.86,1757156231,1757156231,3
2025-09-06T18:58:12.803273,Modified Strict Full Collection,TRUE,110744.28,1757156294,1757156293,TRUE,110741.31,1757156294,1757156293,TRUE,110746.81,1757156294,1757156293,3
2025-09-06T18:59:14.924241,Modified Strict Full Collection,TRUE,110773.62,1757156356,1757156355,TRUE,110747.03,1757156356,1757156355,TRUE,110775.04,1757156356,1757156355,3
2025-09-06T19:00:17.141875,Modified Strict Full Collection,TRUE,110758.01,1757156418,1757156417,TRUE,110770.63,1757156419,1757156417,TRUE,110759.4,1757156418,1757156417,3
2025-09-06T19:01:19.352547,Modified Strict Full Collection,TRUE,110712.55,1757156480,1757156479,TRUE,110713.53,1757156481,1757156479,TRUE,110716.65,1757156481,1757156479,3
2025-09-06T19:02:21.583012,Modified Strict Full Collection,TRUE,110712.55,1757156542,1757156542,TRUE,110710.03,1757156543,1757156542,TRUE,110716.65,1757156542,1757156542,3
2025-09-06T19:03:23.748202,Modified Strict Full Collection,TRUE,110712.56,1757156605,1757156604,TRUE,110710.03,1757156605,1757156604,TRUE,110716.61,1757156604,1757156604,3
2025-09-06T19:04:25.925107,Modified Strict Full Collection,TRUE,110712.55,1757156667,1757156666,TRUE,110709.98,1757156667,1757156666,TRUE,110716.6,1757156667,1757156666,3
2025-09-06T19:05:28.092373,Modified Strict Full Collection,TRUE,110712.56,1757156729,1757156728,TRUE,110709.99,1757156730,1757156728,TRUE,110716.61,1757156729,1757156728,3
2025-09-06T19:06:30.425530,Modified Strict Full Collection,TRUE,110739.99,1757156791,1757156790,TRUE,110709.97,1757156790,1757156790,TRUE,110740.2,1757156791,1757156790,3
2025-09-06T19:07:32.628762,Modified Strict Full Collection,TRUE,110756.38,1757156853,1757156853,TRUE,110751.54,1757156854,1757156853,TRUE,110748.42,1757156854,1757156853,3
2025-09-06T19:08:34.846732,Modified Strict Full Collection,TRUE,110769.98,1757156916,1757156915,TRUE,110765.53,1757156916,1757156915,TRUE,110759.78,1757156916,1757156915,3
2025-09-06T19:09:37.003415,Modified Strict Full Collection,TRUE,110748.02,1757156978,1757156977,TRUE,110743.57,1757156978,1757156977,TRUE,110748.43,1757156977,1757156977,3
2025-09-06T19:10:39.226284,Modified Strict Full Collection,TRUE,110717.65,1757157040,1757157039,TRUE,110722.88,1757157041,1757157039,TRUE,110721.41,1757157041,1757157039,3
2025-09-06T19:11:41.456885,Modified Strict Full Collection,TRUE,110717.65,1757157102,1757157101,TRUE,110713.27,1757157103,1757157101,TRUE,110721.4,1757157102,1757157101,3
2025-09-06T19:12:43.678118,Modified Strict Full Collection,TRUE,110750.68,1757157165,1757157164,TRUE,110746.32,1757157165,1757157164,TRUE,110753.56,1757157164,1757157164,3
2025-09-06T19:13:45.876164,Modified Strict Full Collection,TRUE,110750.69,1757157227,1757157226,TRUE,110746.3,1757157227,1757157226,TRUE,110753.55,1757157227,1757157226,3
2025-09-06T19:14:48.122472,Modified Strict Full Collection,TRUE,110750.69,1757157289,1757157288,TRUE,110746.75,1757157290,1757157288,TRUE,110753.56,1757157289,1757157288,3
